Internal ID,Transaction Number,Status
123095231,RA-158733,Pending Receipt
123095864,RA-158750,Pending Receipt
123138141,RA-158824,Pending Receipt
123223119,RA-158994,Pending Receipt
123273601,RA-159076,Pending Receipt
123330591,RA-159114,Pending Receipt
123331422,RA-159116,Pending Receipt
123357511,RA-159191,Pending Receipt
123567460,RA-159749,Pending Receipt
123605741,RA-159859,Pending Receipt
123918339,RA-160410,Pending Receipt
123918749,RA-160414,Pending Receipt
123982824,RA-160566,Pending Receipt
124060605,RA-160650,Pending Receipt
124099023,RA-160737,Pending Receipt
124506207,RA-161579,Pending Receipt
124523074,RA-161629,Pending Receipt
124766717,RA-162060,Pending Receipt
125231958,RA-162866,Pending Receipt
125290696,RA-162981,Pending Receipt
125308585,RA-162997,Pending Receipt
125332717,RA-163018,Pending Receipt
125335196,RA-163020,Pending Receipt
125335399,RA-163021,Pending Receipt
125335517,RA-163022,Pending Receipt
125405472,RA-163166,Pending Receipt
